{"frameRate":4,"isGlobal":0,"armature":[{"skin":[{"name":"","slot":[{"display":[{"slotPose":[1.0260871335134565,-0.08720924634732596,0.08720924634732596,1.0260871335134565,-14.299797421439507,-783.5073648904071],"vertices":[4.55,-862.41,-18.37,-849.05,-57.37,-855.77,-86.87,-851.69,-101.7,-828.95,-131.03,-812.81,-152.36,-778.04,-168.15,-730.99,-166.76,-705.55,-159.66,-688.04,-168.32,-659.45,-189.55,-626.47,-212.75,-611.37,-249.56,-594.89,-279.09,-582.8,-277.74,-561.25,-253.65,-553.25,-204.52,-561.75,-150.92,-592.91,-119,-642.2,-111.23,-658.45,-104.73,-641,-103.61,-623.67,-119.85,-606.28,-134.82,-574.08,-138.91,-529.64,-137.58,-508.2,-167.16,-521.6,-199.87,-533.74,-224.6,-528.26,-265.08,-513.32,-293.11,-485.22,-320.99,-444.97,-334.16,-396.68,-353.4,-380.65,-306.96,-306.26,-296.68,-271.39,-279.15,-257.89,-265.12,-230.98,-255.72,-212.18,-278.57,-210.83,-287.97,-185.33,-281.22,-165.18,-271.82,-134.28,-262.42,-107.43,-266.37,-76.53,-255.72,-48.33,-218.02,-56.38,-177.72,-64.43,-150.92,-22.78,-107.87,12.12,-38.02,40.32,18.33,49.77,86.83,43.02,164.83,17.52,213.18,-18.78,231.93,-59.08,278.93,-52.33,317.88,-67.13,320.58,-99.38,334.08,-150.43,344.83,-201.43,324.68,-217.58,296.38,-217.58,332.68,-248.48,335.43,-279.38,325.93,-308.93,315.28,-358.63,289.68,-376.08,242.73,-388.18,234.68,-405.63,288.33,-435.18,315.18,-478.18,338.03,-548.03,340.63,-609.83,329.88,-640.73,305.78,-667.58,293.68,-711.93,273.4,-742.85,246.54,-758.95,219.59,-763,208.8,-789.86,190.01,-807.32,166.06,-802.01,151.25,-799.31,131.05,-831.59,105.51,-853.1,73.2,-867.87,38.13,-871.92,22.04,-871.92],"path":"IMG_1644","edges":[0,1,1,2,2,3,3,4,4,5,5,6,6,7,7,8,8,9,9,10,10,11,11,12,12,13,13,14,14,15,15,16,16,17,17,18,18,19,19,20,20,21,21,22,22,23,23,24,24,25,25,26,26,27,27,28,28,29,29,30,30,31,31,32,32,33,33,34,34,35,35,36,36,37,37,38,38,39,39,40,40,41,41,42,42,43,43,44,44,45,45,46,46,47,47,48,48,49,49,50,50,51,51,52,52,53,53,54,54,55,55,56,56,57,57,58,58,59,59,60,60,61,61,62,62,63,63,64,64,65,65,66,66,67,67,68,68,69,69,70,70,71,71,72,72,73,73,74,74,75,75,76,76,77,77,78,78,79,79,80,80,81,81,82,82,83,83,84,84,85,85,86,86,87,87,88,88,89,89,0],"uvs":[0.50176,0.24008,0.4928,0.24412,0.47753,0.24209,0.46594,0.24333,0.46012,0.25023,0.44855,0.25514,0.4401,0.2657,0.4338,0.27997,0.43433,0.28768,0.43696,0.29297,0.43327,0.30155,0.42537,0.3117,0.41692,0.3162,0.40273,0.32106,0.39114,0.32473,0.39167,0.33126,0.40112,0.33368,0.42008,0.33126,0.44065,0.32188,0.45276,0.30683,0.4559,0.30192,0.45857,0.30724,0.4591,0.31252,0.45276,0.3178,0.44698,0.32758,0.44539,0.34103,0.44592,0.34752,0.43433,0.34347,0.42169,0.33979,0.41218,0.34141,0.39641,0.34589,0.38531,0.35444,0.37427,0.36665,0.36898,0.3813,0.36898,0.39636,0.3748,0.40898,0.38376,0.41917,0.39061,0.42326,0.39588,0.43138,0.39957,0.43708,0.39061,0.43748,0.38692,0.44521,0.38957,0.45132,0.39325,0.46068,0.39694,0.46882,0.39539,0.47818,0.39957,0.48673,0.41435,0.48429,0.43016,0.48185,0.44067,0.49447,0.45755,0.50505,0.48494,0.51359,0.50704,0.51645,0.5339,0.51441,0.56449,0.50668,0.58345,0.49568,0.5908,0.48347,0.60924,0.48552,0.62451,0.48103,0.62557,0.47126,0.63086,0.45579,0.63508,0.44033,0.62718,0.43544,0.61608,0.43544,0.63031,0.42608,0.63139,0.41671,0.62767,0.40776,0.62349,0.3927,0.61345,0.38741,0.59504,0.38374,0.59188,0.37845,0.61292,0.3695,0.62345,0.35647,0.63241,0.3353,0.63343,0.31658,0.62922,0.30721,0.61976,0.29908,0.61502,0.28564,0.60712,0.27627,0.59659,0.27139,0.58602,0.27017,0.5818,0.26203,0.57445,0.25674,0.56498,0.25836,0.55918,0.25918,0.55127,0.24941,0.54127,0.24289,0.52863,0.23842,0.5149,0.2372,0.50861,0.2372],"name":"IMG_1644","type":"mesh","triangles":[62,63,60,62,60,61,76,73,74,75,76,74,76,70,72,76,72,73,63,64,65,66,63,65,63,59,60,63,56,59,69,63,66,68,69,66,67,68,66,80,70,76,80,22,70,70,71,72,56,57,59,57,58,59,77,80,76,79,80,78,78,80,77,69,56,63,48,56,69,84,22,80,39,48,69,51,52,53,51,53,56,48,51,56,53,54,56,22,26,70,70,26,69,26,39,69,21,22,84,54,55,56,81,83,80,83,84,80,82,83,81,48,50,51,1,20,84,20,21,84,25,26,22,0,1,86,86,1,85,85,1,84,48,49,50,88,0,87,87,0,86,38,39,26,37,38,26,24,25,22,4,20,1,23,24,22,89,0,88,6,20,4,2,4,1,6,7,20,5,6,4,3,4,2,33,35,37,33,37,26,8,9,20,7,8,20,33,34,35,27,31,26,31,32,26,32,33,26,39,43,48,43,44,48,29,31,27,10,19,20,9,10,20,30,31,29,10,11,18,10,18,19,35,36,37,28,29,27,11,12,18,12,17,18,44,47,48,42,43,39,44,45,47,12,13,17,13,16,17,45,46,47,40,41,39,41,42,39,14,15,16,14,16,13],"bonePose":[1,-0.04479056985690459,-1.028811966815232,1.028811966815232,-0.04479056985690459,-33.75,-817.8,4,0.39637669237168005,-0.9504450409964893,0.9504450409964893,0.39637669237168005,-51.39999999999994,-1151.05,5,-0.9025437125529474,-0.4958579485512705,0.4958579485512705,-0.9025437125529474,76.35000000000016,-1463.75,6,-0.6139057411447686,0.8267889689635586,-0.8267889689635586,-0.6139057411447686,-133.59999999999994,-1573.8999999999996,7,-0.4306730530539894,0.9354041797979569,-0.9354041797979569,-0.4306730530539894,-202.60000000000005,-1479.8999999999996,8,-0.932083269046621,0.4378139305386449,-0.4378139305386449,-0.932083269046621,-245.77498793023025,-1383.8872297387468],"width":2550,